precision,accuracy,recall,duration
0.9836065573770492,0.972318339100346,0.9245283018867925,670.7409999370575
