precision,accuracy,recall,duration
0.9573643410852712,0.9238754325259516,0.7924528301886793,1577.3389999866486
