precision,accuracy,recall,duration
0.8318610129564193,0.8304498269896193,0.5450511672529581,899.4670000076294
