precision,accuracy,recall,duration
0.9978902953586498,0.9965397923875432,0.9905660377358491,979.5520000457764
