precision,accuracy,recall,duration
0.9876033057851239,0.9792387543252595,0.9433962264150944,1508.757000207901
