precision,accuracy,recall,duration
0.9957983193277311,0.9930795847750865,0.9811320754716981,1129.7439999580383
