precision,accuracy,recall,duration
0.993723849372385,0.9896193771626297,0.9716981132075472,1039.667000055313
