precision,accuracy,recall,duration
0.9916666666666667,0.986159169550173,0.9622641509433962,723.9359998703003
